{
  "plans": [
    {
      "plan_id": "729dc76b-6c16-4b52-bc3f-401b3d68a285",
      "plan_name": "sample_house_floorplan_2D_clean_A4_landscape_scale_1_50.pdf",
      "storey_index": 0,
      "px_to_m": 0.008295338713961839,
      "wall_height_m": 6.0,
      "wall_thickness_m": 1.6,
      "segments": [
        {
          "id": "82e7d9f4-89c9-45bd-a584-3a46598cbe2f",
          "x1_px": 57.36766363897885,
          "y1_px": 95.00034511450883,
          "x2_px": 59.367680238676336,
          "y2_px": 540.0019617035239
        },
        {
          "id": "e6dc7895-b5fa-40b5-a746-95706ab56b1f",
          "x1_px": 59.367680238676336,
          "y1_px": 540.0019617035239,
          "x2_px": 62.36770513822255,
          "y2_px": 543.0019726018768
        },
        {
          "id": "9e11d7bc-07a4-4f8d-a524-e8a9ffa927af",
          "x1_px": 62.36770513822255,
          "y1_px": 543.0019726018768,
          "x2_px": 720.373166438693,
          "y2_px": 539.0019580707396
        }
      ]
    }
  ]
}