{
  "plans": [
    {
      "plan_id": "27f0ff18-9cb2-4689-a523-847d33b59d4f",
      "plan_name": "sample_house_floorplan_2D_clean_A4_landscape_scale_1_50.pdf",
      "storey_index": 0,
      "px_to_m": 0.03084609397101631,
      "wall_height_m": 2.4,
      "wall_thickness_m": 0.12,
      "segments": [
        {
          "id": "3aca5ab4-6c4a-40fa-9395-35623d2d00e9",
          "x1_px": 57.36766363897885,
          "y1_px": 537.0019508051711,
          "x2_px": 59.367680238676336,
          "y2_px": 101.00036691121466
        },
        {
          "id": "aa54ff49-c0ea-4237-9c2d-58b098588817",
          "x1_px": 59.367680238676336,
          "y1_px": 101.00036691121466,
          "x2_px": 724.373199638088,
          "y2_px": 101.00036691121466
        },
        {
          "id": "248f97be-9e32-4020-a447-81617fc3dd4c",
          "x1_px": 724.373199638088,
          "y1_px": 101.00036691121466,
          "x2_px": 725.3732079379369,
          "y2_px": 539.0019580707396
        },
        {
          "id": "8d6d35ae-4294-4dcf-b499-ad4eb50e19ad",
          "x1_px": 725.3732079379369,
          "y1_px": 539.0019580707396,
          "x2_px": 56.36765533913012,
          "y2_px": 539.0019580707396
        }
      ]
    }
  ]
}