{
  "plans": [
    {
      "plan_id": "ffc57da3-9744-43d5-9989-ec38c6614b4a",
      "plan_name": "sample_house_floorplan_2D_walls_only_A4_landscape_scale_1_50.pdf",
      "storey_index": 0,
      "px_to_m": 0.018665530021994645,
      "wall_height_m": 2.4,
      "wall_thickness_m": 0.12,
      "segments": [
        {
          "id": "f1a67384-7e5b-4b32-84bd-d928a73c220f",
          "x1_px": 57.36766363897885,
          "y1_px": 539.0019580707396,
          "x2_px": 61.36769683837381,
          "y2_px": 99.00035964564604
        },
        {
          "id": "dd8a5215-fc2c-46e8-8212-996b580daa81",
          "x1_px": 61.36769683837381,
          "y1_px": 99.00035964564604,
          "x2_px": 724.373199638088,
          "y2_px": 96.00034874729313
        },
        {
          "id": "c90d3260-57bf-45bd-9862-9bdbba8bba42",
          "x1_px": 724.373199638088,
          "y1_px": 96.00034874729313,
          "x2_px": 725.3732079379369,
          "y2_px": 538.0019544379553
        },
        {
          "id": "e8b0118c-7edc-4cfa-a4f1-88d72edc0bb4",
          "x1_px": 721.3731747385418,
          "y1_px": 544.0019762346611,
          "x2_px": 53.36763043958389,
          "y2_px": 540.0019617035239
        }
      ]
    }
  ]
}