{
  "plans": [
    {
      "plan_id": "64d453a0-c39f-413a-bf9e-57fac37ca20a",
      "plan_name": "sample_house_floorplan_2D_clean_A4_landscape_scale_1_50.pdf",
      "storey_index": 0,
      "px_to_m": 0.018758743926632328,
      "wall_height_m": 2.4,
      "wall_thickness_m": 0.12,
      "segments": [
        {
          "id": "a83c36bf-dbb0-413c-93f6-b11d65d649dd",
          "x1_px": 58.36767193882759,
          "y1_px": 539.0019580707396,
          "x2_px": 58.36767193882759,
          "y2_px": 98.00035601286174
        },
        {
          "id": "61180d86-b364-4c7c-805f-74842f8c0228",
          "x1_px": 58.36767193882759,
          "y1_px": 98.00035601286174,
          "x2_px": 724.373199638088,
          "y2_px": 97.00035238007744
        },
        {
          "id": "91758b74-e523-4d0c-9370-574cb54ec295",
          "x1_px": 724.373199638088,
          "y1_px": 97.00035238007744,
          "x2_px": 725.3732079379369,
          "y2_px": 539.0019580707396
        },
        {
          "id": "435b649f-2da2-420c-8751-912d8ba2f631",
          "x1_px": 725.3732079379369,
          "y1_px": 539.0019580707396,
          "x2_px": 60.36768853852508,
          "y2_px": 541.0019653363082
        }
      ]
    }
  ]
}