{
  "plans": [
    {
      "plan_id": "9247878d-2c26-46f3-8b40-53a0c6c8deed",
      "plan_name": "sample_house_floorplan_2D_clean_A4_landscape_scale_1_50.pdf",
      "storey_index": 0,
      "px_to_m": 0.01760537854261043,
      "wall_height_m": 2.4,
      "wall_thickness_m": 0.12,
      "segments": [
        {
          "id": "bcd989ba-d853-4303-aeff-ac1745879642",
          "x1_px": 60.36768853852508,
          "y1_px": 539.0019580707396,
          "x2_px": 56.36765533913012,
          "y2_px": 96.00034874729313
        },
        {
          "id": "a33a9448-1580-4d46-a130-406e3f0c1f3b",
          "x1_px": 56.36765533913012,
          "y1_px": 97.00035238007744,
          "x2_px": 724.373199638088,
          "y2_px": 98.00035601286174
        },
        {
          "id": "da404525-36ee-4e67-b1b5-cd8092905792",
          "x1_px": 724.373199638088,
          "y1_px": 98.00035601286174,
          "x2_px": 727.3732245376342,
          "y2_px": 536.0019471723867
        },
        {
          "id": "f915dee0-953c-46e8-b1db-2cef1465c9e5",
          "x1_px": 727.3732245376342,
          "y1_px": 536.0019471723867,
          "x2_px": 58.36767193882759,
          "y2_px": 538.0019544379553
        }
      ]
    }
  ]
}