{
  "plans": [
    {
      "plan_id": "1683b5e3-54fb-49a9-aa40-dfdd854d41be",
      "plan_name": "sample_house_floorplan_2D_clean_A4_landscape_scale_1_50.pdf",
      "storey_index": 0,
      "px_to_m": 0.018049921226262207,
      "wall_height_m": 2.4,
      "wall_thickness_m": 0.12,
      "segments": [
        {
          "id": "072f3540-a26a-4f24-aff5-1deae7a12436",
          "x1_px": 60.36768853852508,
          "y1_px": 537.0019508051711,
          "x2_px": 59.367680238676336,
          "y2_px": 99.00035964564604
        },
        {
          "id": "3a76c770-4952-4eb0-9b15-93c352a0a9b9",
          "x1_px": 59.367680238676336,
          "y1_px": 99.00035964564604,
          "x2_px": 722.3731830383906,
          "y2_px": 97.00035238007744
        },
        {
          "id": "224304b8-9d10-45a3-aca7-6cd6dc818fef",
          "x1_px": 722.3731830383906,
          "y1_px": 97.00035238007744,
          "x2_px": 724.373199638088,
          "y2_px": 538.0019544379553
        },
        {
          "id": "3c9c4f24-9b00-4483-9c9c-77c6f0a259f8",
          "x1_px": 62.36770513822255,
          "y1_px": 538.0019544379553,
          "x2_px": 719.3731581388444,
          "y2_px": 541.0019653363082
        }
      ]
    }
  ]
}