{
  "plans": [
    {
      "plan_id": "3d317098-ca89-4cbf-b3f1-043ab5ca990f",
      "plan_name": "sample_house_floorplan_2D_clean_A4_landscape_scale_1_50.pdf",
      "storey_index": 0,
      "px_to_m": 0.017543606046408877,
      "wall_height_m": 2.4,
      "wall_thickness_m": 0.12,
      "segments": [
        {
          "id": "f1e71963-79a0-4e19-af0e-55fe601118a8",
          "x1_px": 58.36767193882759,
          "y1_px": 539.0019580707396,
          "x2_px": 59.367680238676336,
          "y2_px": 100.00036327843036
        },
        {
          "id": "1a3b091b-4ea4-4038-b067-88b5374e787e",
          "x1_px": 59.367680238676336,
          "y1_px": 100.00036327843036,
          "x2_px": 722.3731830383906,
          "y2_px": 100.00036327843036
        },
        {
          "id": "8d7298f5-0410-4c4f-b264-142eafecd162",
          "x1_px": 722.3731830383906,
          "y1_px": 100.00036327843036,
          "x2_px": 726.3732162377855,
          "y2_px": 540.0019617035239
        },
        {
          "id": "fb178857-d82d-4816-8db1-101b357cd5e7",
          "x1_px": 726.3732162377855,
          "y1_px": 540.0019617035239,
          "x2_px": 58.36767193882759,
          "y2_px": 534.001939906818
        }
      ]
    }
  ]
}