{
  "plans": [
    {
      "plan_id": "8fa1d398-5ce1-4bdd-8766-687201e7e998",
      "plan_name": "sample_house_floorplan_2D_clean_A4_landscape_scale_1_50.pdf",
      "storey_index": 0,
      "px_to_m": 0.012816715579020395,
      "wall_height_m": 2.4,
      "wall_thickness_m": 0.12,
      "segments": [
        {
          "id": "f4bd877f-f838-4ec2-ae15-603f0b83a778",
          "x1_px": 56.36765533913012,
          "y1_px": 538.0019544379553,
          "x2_px": 59.367680238676336,
          "y2_px": 99.00035964564604
        },
        {
          "id": "78dc5629-64b7-46a2-8257-ac13531398d7",
          "x1_px": 59.367680238676336,
          "y1_px": 99.00035964564604,
          "x2_px": 728.373232837483,
          "y2_px": 99.00035964564604
        },
        {
          "id": "8b04e856-762e-400f-adc2-a8f9f658c3a8",
          "x1_px": 728.373232837483,
          "y1_px": 99.00035964564604,
          "x2_px": 725.3732079379369,
          "y2_px": 537.0019508051711
        },
        {
          "id": "5e215ffd-45e6-427a-92c0-870327125677",
          "x1_px": 725.3732079379369,
          "y1_px": 537.0019508051711,
          "x2_px": 64.36772173792004,
          "y2_px": 537.0019508051711
        }
      ]
    }
  ]
}